{"mean":{"confidence_interval":{"confidence_level":0.95,"lower_bound":-0.14511823135765056,"upper_bound":-0.10298848252533817},"point_estimate":-0.12462106766103964,"standard_error":0.010722600641217361},"median":{"confidence_interval":{"confidence_level":0.95,"lower_bound":-0.014124569528103662,"upper_bound":-0.007538723169328687},"point_estimate":-0.010104289370096109,"standard_error":0.0019432840986259687}}