{"mean":{"confidence_interval":{"confidence_level":0.95,"lower_bound":4.21502232113452,"upper_bound":4.468118835995713},"point_estimate":4.338031990182616,"standard_error":0.06458966047343481},"median":{"confidence_interval":{"confidence_level":0.95,"lower_bound":3.8441118555904272,"upper_bound":3.8640212635837607},"point_estimate":3.851873631169863,"standard_error":0.00555030392301013},"median_abs_dev":{"confidence_interval":{"confidence_level":0.95,"lower_bound":0.04715057419657931,"upper_bound":0.07134852614322017},"point_estimate":0.055953431862732966,"standard_error":0.006408281023605059},"slope":{"confidence_interval":{"confidence_level":0.95,"lower_bound":3.8726286130012335,"upper_bound":3.9057722778121886},"point_estimate":3.8877202825947026,"standard_error":0.00849597434758346},"std_dev":{"confidence_interval":{"confidence_level":0.95,"lower_bound":0.9595578691672673,"upper_bound":1.2111543542045553},"point_estimate":1.095287562040581,"standard_error":0.06424166327359698}}