{"mean":{"confidence_interval":{"confidence_level":0.95,"lower_bound":4.173713358692832,"upper_bound":4.498437233658198},"point_estimate":4.326929776484296,"standard_error":0.08300894994083668},"median":{"confidence_interval":{"confidence_level":0.95,"lower_bound":3.9419195371696256,"upper_bound":4.008128041760535},"point_estimate":3.9722702379031483,"standard_error":0.018374442222544623},"median_abs_dev":{"confidence_interval":{"confidence_level":0.95,"lower_bound":0.12140463366542535,"upper_bound":0.20247629998261532},"point_estimate":0.163157194989043,"standard_error":0.020824911749909542},"slope":{"confidence_interval":{"confidence_level":0.95,"lower_bound":4.2343513240676405,"upper_bound":4.722190193501721},"point_estimate":4.461757025100532,"standard_error":0.124775712718917},"std_dev":{"confidence_interval":{"confidence_level":0.95,"lower_bound":0.6984376366342175,"upper_bound":1.1468073338191385},"point_estimate":0.944020954621686,"standard_error":0.1147002725575455}}