{"mean":{"confidence_interval":{"confidence_level":0.95,"lower_bound":-0.13916633981811474,"upper_bound":-0.016091922418465177},"point_estimate":-0.08269475173303886,"standard_error":0.03151980366089243},"median":{"confidence_interval":{"confidence_level":0.95,"lower_bound":-0.18524698797587658,"upper_bound":0.10632215055308447},"point_estimate":0.0989166260350729,"standard_error":0.06639863406746098}}