{"mean":{"confidence_interval":{"confidence_level":0.95,"lower_bound":-0.01806965727192437,"upper_bound":0.020768244661972763},"point_estimate":0.001894678541306316,"standard_error":0.009946851614070171},"median":{"confidence_interval":{"confidence_level":0.95,"lower_bound":-0.00020272129147462512,"upper_bound":0.00023648967329305542},"point_estimate":0.00003595658665278556,"standard_error":0.0001112839721414053}}