{"mean":{"confidence_interval":{"confidence_level":0.95,"lower_bound":0.2550818927384261,"upper_bound":0.4272546450527018},"point_estimate":0.34224057345513703,"standard_error":0.04380346802084055},"median":{"confidence_interval":{"confidence_level":0.95,"lower_bound":0.09861730314909772,"upper_bound":0.9018156208582839},"point_estimate":0.10212515582585602,"standard_error":0.192254027649182}}