{"mean":{"confidence_interval":{"confidence_level":0.95,"lower_bound":-0.027080921119297954,"upper_bound":0.03000634716823143},"point_estimate":-0.00011245975169849043,"standard_error":0.014529583468055553},"median":{"confidence_interval":{"confidence_level":0.95,"lower_bound":0.026675278780049494,"upper_bound":0.31281859784650395},"point_estimate":0.2885026064737535,"standard_error":0.06747595775348758}}