{"mean":{"confidence_interval":{"confidence_level":0.95,"lower_bound":-0.05617337219860504,"upper_bound":-0.011150336178794115},"point_estimate":-0.03428382355590609,"standard_error":0.011409637281386236},"median":{"confidence_interval":{"confidence_level":0.95,"lower_bound":-0.018176937340369292,"upper_bound":-0.013655713885273061},"point_estimate":-0.015583206489369394,"standard_error":0.0011061108208556877}}