{"mean":{"confidence_interval":{"confidence_level":0.95,"lower_bound":0.07049046350999007,"upper_bound":0.16367343382555682},"point_estimate":0.11467470724048479,"standard_error":0.023610626198402904},"median":{"confidence_interval":{"confidence_level":0.95,"lower_bound":0.1050116650531332,"upper_bound":0.11003263217203485},"point_estimate":0.10827641308402458,"standard_error":0.0011851123774386854}}