{"mean":{"confidence_interval":{"confidence_level":0.95,"lower_bound":6.358241631930728,"upper_bound":6.604131132312316},"point_estimate":6.481409389058629,"standard_error":0.06279491586308462},"median":{"confidence_interval":{"confidence_level":0.95,"lower_bound":4.909199753008393,"upper_bound":5.314021143900213},"point_estimate":5.166318185839759,"standard_error":0.1775211372599614},"median_abs_dev":{"confidence_interval":{"confidence_level":0.95,"lower_bound":0.13362006471140142,"upper_bound":0.7337682672181942},"point_estimate":0.5131078499126064,"standard_error":0.19172898369870497},"slope":{"confidence_interval":{"confidence_level":0.95,"lower_bound":5.330801325991257,"upper_bound":5.550708926776058},"point_estimate":5.436989503362738,"standard_error":0.05619750382914049},"std_dev":{"confidence_interval":{"confidence_level":0.95,"lower_bound":1.741947823877853,"upper_bound":1.8174964344751574},"point_estimate":1.7744588501184049,"standard_error":0.019743423764818992}}