{"mean":{"confidence_interval":{"confidence_level":0.95,"lower_bound":-0.03346393742675628,"upper_bound":0.07398958399397697},"point_estimate":0.019014978976169772,"standard_error":0.027442012942054374},"median":{"confidence_interval":{"confidence_level":0.95,"lower_bound":0.11201970631330282,"upper_bound":0.1168791192888472},"point_estimate":0.11535542548167732,"standard_error":0.0012004759978407208}}