{"mean":{"confidence_interval":{"confidence_level":0.95,"lower_bound":0.023674408094081063,"upper_bound":0.08644997290498302},"point_estimate":0.0552616837046096,"standard_error":0.0157451482214163},"median":{"confidence_interval":{"confidence_level":0.95,"lower_bound":0.005752845187096511,"upper_bound":0.007255856332817334},"point_estimate":0.006533064199917726,"standard_error":0.00038796358802829426}}