{"mean":{"confidence_interval":{"confidence_level":0.95,"lower_bound":-0.07059299566258885,"upper_bound":0.07196210235022936},"point_estimate":-0.0043500065272485955,"standard_error":0.03628456643305588},"median":{"confidence_interval":{"confidence_level":0.95,"lower_bound":0.12065001199465186,"upper_bound":0.13058709429951754},"point_estimate":0.12697437535299305,"standard_error":0.0041275587916722156}}